{
	"appId": "com.leitnerprojects.aivoicechanger",
	"appName": "AI Voice Changer",
	"webDir": "out",
	"server": {
		"androidScheme": "https"
	},
	"plugins": {
		"Camera": {
			"permissions": [
				"microphone"
			]
		},
		"Device": {
			"permissions": [
				"microphone"
			]
		}
	},
	"ios": {
		"contentInset": "automatic",
		"backgroundColor": "#000000"
	},
	"android": {
		"backgroundColor": "#000000",
		"allowMixedContent": true
	},
	"packageClassList": [
		"AppPlugin",
		"CAPCameraPlugin",
		"DevicePlugin",
		"HapticsPlugin",
		"KeyboardPlugin",
		"StatusBarPlugin"
	]
}
